app	operator	total_identifiers	total_points	kept_identifiers	kept_points	filtered_identifiers
bgu	cxx_add_to_sub	2162	2164	2123	2123	39
bgu	cxx_div_to_mul	38	38	38	38	0
bgu	cxx_eq_to_ne	138	138	137	137	1
bgu	cxx_gt_to_ge	40	42	40	42	0
bgu	cxx_gt_to_le	40	42	40	42	0
bgu	cxx_le_to_gt	54	54	54	54	0
bgu	cxx_le_to_lt	54	54	54	54	0
bgu	cxx_lt_to_ge	45	49	45	49	0
bgu	cxx_lt_to_le	45	49	45	49	0
bgu	cxx_minus_to_noop	1	1	0	0	1
bgu	cxx_mul_to_div	1201	1201	1200	1200	1
bgu	cxx_ne_to_eq	19	19	17	17	2
bgu	cxx_post_inc_to_post_dec	2162	2164	38	40	2124
bgu	cxx_pre_inc_to_pre_dec	2162	2164	0	0	2162
bgu	cxx_remove_void_call	22658	42003	183	183	22475
bgu	cxx_replace_scalar_call	396	396	395	395	1
bgu	cxx_sub_to_add	1157	1159	1156	1156	1
bilateral_grid	cxx_add_to_sub	624	624	584	584	40
bilateral_grid	cxx_div_to_mul	5	5	5	5	0
bilateral_grid	cxx_eq_to_ne	17	17	16	16	1
bilateral_grid	cxx_gt_to_ge	30	31	30	31	0
bilateral_grid	cxx_gt_to_le	30	31	30	31	0
bilateral_grid	cxx_le_to_gt	15	15	15	15	0
bilateral_grid	cxx_le_to_lt	15	15	15	15	0
bilateral_grid	cxx_lt_to_ge	42	43	42	43	0
bilateral_grid	cxx_lt_to_le	42	43	42	43	0
bilateral_grid	cxx_minus_to_noop	1	1	0	0	1
bilateral_grid	cxx_mul_to_div	282	282	281	281	1
bilateral_grid	cxx_ne_to_eq	15	15	13	13	2
bilateral_grid	cxx_post_inc_to_post_dec	624	624	39	39	585
bilateral_grid	cxx_pre_inc_to_pre_dec	624	624	0	0	624
bilateral_grid	cxx_remove_void_call	3880	7268	21	21	3859
bilateral_grid	cxx_replace_scalar_call	95	95	94	94	1
bilateral_grid	cxx_sub_to_add	122	125	121	121	1
blur	cxx_add_to_sub	121	121	116	116	5
blur	cxx_div_to_mul	7	7	7	7	0
blur	cxx_eq_to_ne	11	11	10	10	1
blur	cxx_gt_to_ge	7	7	7	7	0
blur	cxx_gt_to_le	7	7	7	7	0
blur	cxx_le_to_gt	14	14	14	14	0
blur	cxx_le_to_lt	14	14	14	14	0
blur	cxx_lt_to_ge	11	11	11	11	0
blur	cxx_lt_to_le	11	11	11	11	0
blur	cxx_minus_to_noop	1	1	0	0	1
blur	cxx_mul_to_div	42	42	42	42	0
blur	cxx_ne_to_eq	10	10	8	8	2
blur	cxx_post_inc_to_post_dec	121	121	5	5	116
blur	cxx_pre_inc_to_pre_dec	121	121	0	0	121
blur	cxx_remove_void_call	1080	1727	12	12	1068
blur	cxx_replace_scalar_call	72	72	71	71	1
blur	cxx_sub_to_add	13	13	12	12	1
camera_pipe	cxx_add_to_sub	487	490	469	469	18
camera_pipe	cxx_div_to_mul	3	3	3	3	0
camera_pipe	cxx_eq_to_ne	21	21	20	20	1
camera_pipe	cxx_gt_to_ge	24	26	24	26	0
camera_pipe	cxx_gt_to_le	24	26	24	26	0
camera_pipe	cxx_le_to_gt	54	54	54	54	0
camera_pipe	cxx_le_to_lt	54	54	54	54	0
camera_pipe	cxx_lt_to_ge	31	37	31	37	0
camera_pipe	cxx_lt_to_le	31	37	31	37	0
camera_pipe	cxx_mul_to_div	192	192	192	192	0
camera_pipe	cxx_ne_to_eq	18	19	15	15	3
camera_pipe	cxx_post_inc_to_post_dec	487	490	18	21	469
camera_pipe	cxx_pre_inc_to_pre_dec	487	490	0	0	487
camera_pipe	cxx_remove_void_call	4288	7699	20	20	4268
camera_pipe	cxx_replace_scalar_call	151	151	150	150	1
camera_pipe	cxx_sub_to_add	59	63	58	58	1
conv_layer	cxx_add_to_sub	219	219	209	209	10
conv_layer	cxx_eq_to_ne	55	55	54	54	1
conv_layer	cxx_gt_to_ge	1	1	1	1	0
conv_layer	cxx_gt_to_le	1	1	1	1	0
conv_layer	cxx_le_to_gt	39	39	39	39	0
conv_layer	cxx_le_to_lt	39	39	39	39	0
conv_layer	cxx_lt_to_ge	11	11	11	11	0
conv_layer	cxx_lt_to_le	11	11	11	11	0
conv_layer	cxx_mul_to_div	122	122	122	122	0
conv_layer	cxx_ne_to_eq	11	11	10	10	1
conv_layer	cxx_post_inc_to_post_dec	219	219	10	10	209
conv_layer	cxx_pre_inc_to_pre_dec	219	219	0	0	219
conv_layer	cxx_remove_void_call	2646	3677	152	152	2494
conv_layer	cxx_replace_scalar_call	179	179	178	178	1
conv_layer	cxx_sub_to_add	1	1	0	0	1
depthwise_separable_conv	cxx_add_to_sub	592	592	560	560	32
depthwise_separable_conv	cxx_div_to_mul	28	28	28	28	0
depthwise_separable_conv	cxx_eq_to_ne	50	50	49	49	1
depthwise_separable_conv	cxx_gt_to_ge	30	30	30	30	0
depthwise_separable_conv	cxx_gt_to_le	30	30	30	30	0
depthwise_separable_conv	cxx_le_to_gt	79	79	79	79	0
depthwise_separable_conv	cxx_le_to_lt	79	79	79	79	0
depthwise_separable_conv	cxx_lt_to_ge	86	86	86	86	0
depthwise_separable_conv	cxx_lt_to_le	86	86	86	86	0
depthwise_separable_conv	cxx_minus_to_noop	1	1	0	0	1
depthwise_separable_conv	cxx_mul_to_div	243	243	242	242	1
depthwise_separable_conv	cxx_ne_to_eq	18	18	15	15	3
depthwise_separable_conv	cxx_post_inc_to_post_dec	592	592	31	31	561
depthwise_separable_conv	cxx_pre_inc_to_pre_dec	592	592	0	0	592
depthwise_separable_conv	cxx_rem_to_div	2	2	2	2	0
depthwise_separable_conv	cxx_remove_void_call	5457	8709	120	120	5337
depthwise_separable_conv	cxx_replace_scalar_call	249	249	248	248	1
depthwise_separable_conv	cxx_sub_to_add	138	140	137	137	1
harris	cxx_add_to_sub	244	244	239	239	5
harris	cxx_eq_to_ne	13	13	12	12	1
harris	cxx_gt_to_ge	13	13	13	13	0
harris	cxx_gt_to_le	13	13	13	13	0
harris	cxx_le_to_gt	22	22	22	22	0
harris	cxx_le_to_lt	22	22	22	22	0
harris	cxx_lt_to_ge	6	6	6	6	0
harris	cxx_lt_to_le	6	6	6	6	0
harris	cxx_minus_to_noop	1	1	0	0	1
harris	cxx_mul_to_div	131	131	131	131	0
harris	cxx_ne_to_eq	14	14	12	12	2
harris	cxx_post_inc_to_post_dec	244	244	5	5	239
harris	cxx_pre_inc_to_pre_dec	244	244	0	0	244
harris	cxx_remove_void_call	1733	2958	12	12	1721
harris	cxx_replace_scalar_call	78	78	77	77	1
harris	cxx_sub_to_add	22	22	21	21	1
hist	cxx_add_to_sub	196	196	179	179	17
hist	cxx_div_to_mul	1	1	1	1	0
hist	cxx_eq_to_ne	14	14	13	13	1
hist	cxx_gt_to_ge	14	15	14	15	0
hist	cxx_gt_to_le	14	15	14	15	0
hist	cxx_le_to_gt	26	26	26	26	0
hist	cxx_le_to_lt	26	26	26	26	0
hist	cxx_lt_to_ge	19	20	19	20	0
hist	cxx_lt_to_le	19	20	19	20	0
hist	cxx_minus_to_noop	1	1	0	0	1
hist	cxx_mul_to_div	104	104	104	104	0
hist	cxx_ne_to_eq	12	12	10	10	2
hist	cxx_post_inc_to_post_dec	196	196	17	17	179
hist	cxx_pre_inc_to_pre_dec	196	196	0	0	196
hist	cxx_remove_void_call	2156	3513	31	31	2125
hist	cxx_replace_scalar_call	126	126	125	125	1
hist	cxx_sub_to_add	50	52	49	49	1
iir_blur	cxx_add_to_sub	115	115	101	101	14
iir_blur	cxx_eq_to_ne	16	16	15	15	1
iir_blur	cxx_gt_to_ge	18	18	18	18	0
iir_blur	cxx_gt_to_le	18	18	18	18	0
iir_blur	cxx_le_to_gt	22	22	22	22	0
iir_blur	cxx_le_to_lt	22	22	22	22	0
iir_blur	cxx_lt_to_ge	14	14	14	14	0
iir_blur	cxx_lt_to_le	14	14	14	14	0
iir_blur	cxx_minus_to_noop	1	1	0	0	1
iir_blur	cxx_mul_to_div	62	62	61	61	1
iir_blur	cxx_ne_to_eq	11	11	9	9	2
iir_blur	cxx_post_inc_to_post_dec	115	115	13	13	102
iir_blur	cxx_pre_inc_to_pre_dec	115	115	0	0	115
iir_blur	cxx_remove_void_call	1535	2505	30	30	1505
iir_blur	cxx_replace_scalar_call	109	109	108	108	1
iir_blur	cxx_sub_to_add	27	27	26	26	1
interpolate	cxx_add_to_sub	2496	2496	2384	2384	112
interpolate	cxx_div_to_mul	12	12	12	12	0
interpolate	cxx_eq_to_ne	47	47	46	46	1
interpolate	cxx_gt_to_ge	91	91	91	91	0
interpolate	cxx_gt_to_le	91	91	91	91	0
interpolate	cxx_le_to_gt	38	38	38	38	0
interpolate	cxx_le_to_lt	38	38	38	38	0
interpolate	cxx_lt_to_ge	132	132	132	132	0
interpolate	cxx_lt_to_le	132	132	132	132	0
interpolate	cxx_mul_to_div	902	902	901	901	1
interpolate	cxx_ne_to_eq	38	38	36	36	2
interpolate	cxx_post_inc_to_post_dec	2496	2496	111	111	2385
interpolate	cxx_pre_inc_to_pre_dec	2496	2496	0	0	2496
interpolate	cxx_remove_void_call	14663	27110	107	107	14556
interpolate	cxx_replace_scalar_call	191	191	190	190	1
interpolate	cxx_sub_to_add	459	460	458	458	1
lens_blur	cxx_add_to_sub	3325	3337	3223	3223	102
lens_blur	cxx_div_to_mul	16	16	16	16	0
lens_blur	cxx_eq_to_ne	41	41	40	40	1
lens_blur	cxx_gt_to_ge	96	99	96	99	0
lens_blur	cxx_gt_to_le	96	99	96	99	0
lens_blur	cxx_le_to_gt	48	48	48	48	0
lens_blur	cxx_le_to_lt	48	48	48	48	0
lens_blur	cxx_lt_to_ge	108	125	108	125	0
lens_blur	cxx_lt_to_le	108	125	108	125	0
lens_blur	cxx_minus_to_noop	7	7	0	0	7
lens_blur	cxx_mul_to_div	1172	1173	1171	1171	1
lens_blur	cxx_ne_to_eq	36	40	31	31	5
lens_blur	cxx_post_inc_to_post_dec	3325	3337	101	112	3224
lens_blur	cxx_pre_inc_to_pre_dec	3325	3337	0	0	3325
lens_blur	cxx_rem_to_div	1	1	1	1	0
lens_blur	cxx_remove_void_call	19631	37348	130	130	19501
lens_blur	cxx_replace_scalar_call	402	403	383	383	19
lens_blur	cxx_sub_to_add	709	714	708	708	1
local_laplacian	cxx_add_to_sub	3572	3582	3479	3479	93
local_laplacian	cxx_div_to_mul	8	8	8	8	0
local_laplacian	cxx_eq_to_ne	51	51	50	50	1
local_laplacian	cxx_gt_to_ge	75	79	75	79	0
local_laplacian	cxx_gt_to_le	75	79	75	79	0
local_laplacian	cxx_le_to_gt	36	36	36	36	0
local_laplacian	cxx_le_to_lt	36	36	36	36	0
local_laplacian	cxx_lt_to_ge	134	147	134	147	0
local_laplacian	cxx_lt_to_le	134	147	134	147	0
local_laplacian	cxx_minus_to_noop	1	1	0	0	1
local_laplacian	cxx_mul_to_div	1757	1758	1756	1756	1
local_laplacian	cxx_ne_to_eq	38	38	36	36	2
local_laplacian	cxx_post_inc_to_post_dec	3572	3582	92	101	3480
local_laplacian	cxx_pre_inc_to_pre_dec	3572	3582	0	0	3572
local_laplacian	cxx_remove_void_call	22489	41522	109	109	22380
local_laplacian	cxx_replace_scalar_call	254	254	253	253	1
local_laplacian	cxx_sub_to_add	813	818	812	812	1
max_filter	cxx_add_to_sub	210	211	184	184	26
max_filter	cxx_div_to_mul	2	2	2	2	0
max_filter	cxx_eq_to_ne	14	14	13	13	1
max_filter	cxx_gt_to_ge	14	15	14	15	0
max_filter	cxx_gt_to_le	14	15	14	15	0
max_filter	cxx_le_to_gt	24	24	24	24	0
max_filter	cxx_le_to_lt	24	24	24	24	0
max_filter	cxx_lt_to_ge	33	34	33	34	0
max_filter	cxx_lt_to_le	33	34	33	34	0
max_filter	cxx_minus_to_noop	2	2	0	0	2
max_filter	cxx_mul_to_div	75	75	74	74	1
max_filter	cxx_ne_to_eq	10	10	8	8	2
max_filter	cxx_post_inc_to_post_dec	210	211	25	26	185
max_filter	cxx_pre_inc_to_pre_dec	210	211	0	0	210
max_filter	cxx_rem_to_div	1	1	1	1	0
max_filter	cxx_remove_void_call	1750	2808	14	14	1736
max_filter	cxx_replace_scalar_call	99	99	98	98	1
max_filter	cxx_sub_to_add	45	46	44	44	1
nl_means	cxx_add_to_sub	877	879	785	785	92
nl_means	cxx_div_to_mul	5	5	5	5	0
nl_means	cxx_eq_to_ne	20	20	19	19	1
nl_means	cxx_gt_to_ge	42	43	42	43	0
nl_means	cxx_gt_to_le	42	43	42	43	0
nl_means	cxx_le_to_gt	25	25	25	25	0
nl_means	cxx_le_to_lt	25	25	25	25	0
nl_means	cxx_lt_to_ge	94	97	94	97	0
nl_means	cxx_lt_to_le	94	97	94	97	0
nl_means	cxx_minus_to_noop	2	2	0	0	2
nl_means	cxx_mul_to_div	529	529	528	528	1
nl_means	cxx_ne_to_eq	16	16	14	14	2
nl_means	cxx_post_inc_to_post_dec	877	879	91	93	786
nl_means	cxx_pre_inc_to_pre_dec	877	879	0	0	877
nl_means	cxx_remove_void_call	6759	12361	15	15	6744
nl_means	cxx_replace_scalar_call	186	186	185	185	1
nl_means	cxx_sub_to_add	165	167	164	164	1
stencil_chain	cxx_add_to_sub	4879	4879	4811	4811	68
stencil_chain	cxx_div_to_mul	25	25	25	25	0
stencil_chain	cxx_eq_to_ne	19	19	18	18	1
stencil_chain	cxx_gt_to_ge	10	10	10	10	0
stencil_chain	cxx_gt_to_le	10	10	10	10	0
stencil_chain	cxx_le_to_gt	66	66	66	66	0
stencil_chain	cxx_le_to_lt	66	66	66	66	0
stencil_chain	cxx_lt_to_ge	99	99	99	99	0
stencil_chain	cxx_lt_to_le	99	99	99	99	0
stencil_chain	cxx_minus_to_noop	5	5	0	0	5
stencil_chain	cxx_mul_to_div	1882	1882	1881	1881	1
stencil_chain	cxx_ne_to_eq	10	10	8	8	2
stencil_chain	cxx_post_inc_to_post_dec	4879	4879	67	67	4812
stencil_chain	cxx_pre_inc_to_pre_dec	4879	4879	0	0	4879
stencil_chain	cxx_rem_to_div	3	3	3	3	0
stencil_chain	cxx_remove_void_call	29883	44726	105	105	29778
stencil_chain	cxx_replace_scalar_call	135	135	134	134	1
stencil_chain	cxx_sub_to_add	128	130	127	127	1
unsharp	cxx_add_to_sub	359	359	339	339	20
unsharp	cxx_div_to_mul	3	3	3	3	0
unsharp	cxx_eq_to_ne	16	16	15	15	1
unsharp	cxx_gt_to_ge	22	22	22	22	0
unsharp	cxx_gt_to_le	22	22	22	22	0
unsharp	cxx_le_to_gt	25	25	25	25	0
unsharp	cxx_le_to_lt	25	25	25	25	0
unsharp	cxx_lt_to_ge	22	22	22	22	0
unsharp	cxx_lt_to_le	22	22	22	22	0
unsharp	cxx_minus_to_noop	1	1	0	0	1
unsharp	cxx_mul_to_div	142	142	141	141	1
unsharp	cxx_ne_to_eq	16	16	14	14	2
unsharp	cxx_post_inc_to_post_dec	359	359	19	19	340
unsharp	cxx_pre_inc_to_pre_dec	359	359	0	0	359
unsharp	cxx_remove_void_call	2410	4133	13	13	2397
unsharp	cxx_replace_scalar_call	111	111	110	110	1
unsharp	cxx_sub_to_add	37	38	36	36	1
